text,label
expense: Витратив на таксі Uber,Транспорт
expense: Купив заправку авто,Транспорт
expense: Витратив на каву,Їжа
expense: Оплатив фрукти в супермаркеті,Їжа
expense: кросівки Adidas,Покупки
expense: Оплатив квиток в кіно,Розваги
expense: таксі Uber,Транспорт
expense: відпочинок,Розваги
expense: Купив подарунок другу,Подарунок
income: Отримав подарунок на Новий Рік,Подарунок
expense: електроенергію,Комунальні
expense: Оплатив ноутбук,Покупки
income: Отримав грошовий подарунок,Подарунок
expense: Оплатив зошити та ручки,Освіта
expense: Витратив на рюкзак,Покупки
expense: парк розваг,Розваги
income: зарплату за місяць,Зарплата
expense: джинси Levi's,Покупки
income: Надійшла замовлення,Фріланс
expense: Витратив на сніданок,Їжа
expense: Витратив на подарунок,Подарунок
income: Отримав кешбек,Інше джерело
expense: Купив поїздку,Транспорт
expense: дрібні витрати,Інше
income: подарунок від друга,Подарунок
expense: Витратив на таблетки,Здоров'я
expense: Оплатив одяг в Zara,Покупки
expense: Купив таксі Uber,Транспорт
income: додатковий дохід,Бонус
expense: проїзд в метро,Транспорт
expense: Витратив на обід,Їжа
expense: Купив навушники,Покупки
expense: Купив білет в кіно,Розваги
expense: Купив сертифікат курсу,Освіта
expense: Оплатив поїздку на таксі,Транспорт
expense: Купив семінар,Освіта
expense: Оплатив продукти в супермаркеті,Їжа
income: Надійшла гроші за iOS розробку,Фріланс
expense: Купив лампочки,Комунальні
income: заробітну плату,Зарплата
expense: фрукти в супермаркеті,Їжа
expense: планшет,Покупки
expense: Оплатив м'ясо,Їжа
expense: Купив подарунок на свято,Подарунок
expense: Оплатив піцу,Їжа
expense: Купив продукти в супермаркеті,Їжа
expense: букет квітів,Подарунок
expense: овочі на ринку,Їжа
expense: Купив доставку їжі,Їжа
income: інший дохід,Інше джерело
expense: Витратив на білет в кіно,Розваги
income: Надійшла гонорар,Фріланс
expense: Оплатив заправку авто,Транспорт
expense: інші витрати,Інше
expense: Оплатив бензин,Транспорт
expense: Витратив на парковку,Транспорт
expense: Витратив на світло,Комунальні
expense: Витратив на джинси Levi's,Покупки
expense: Купив квартплату,Комунальні
expense: Оплатив квиток на концерт,Розваги
expense: Купив ігри,Розваги
expense: Оплатив візит до лікаря,Здоров'я
expense: Оплатив медикаменти,Здоров'я
expense: телефон Samsung,Покупки
expense: Оплатив інтернет Київстар,Комунальні
expense: ліки в аптеці,Здоров'я
income: Надійшла компенсацію витрат,Інше джерело
expense: театр,Розваги
expense: Купив квиток в кіно,Розваги
expense: Оплатив білет на літак,Транспорт
expense: Оплатив вечерю,Їжа
income: повернення боргу,Інше джерело
income: Надійшла тимчасову роботу,Бонус
income: зарплату,Зарплата
income: Отримав оплату за проект,Фріланс
expense: Витратив на підручники для університету,Освіта
expense: подарунок тату,Подарунок
income: Отримав оплату за програмування,Фріланс
income: Отримав замовлення,Фріланс
expense: Витратив на кросівки,Покупки
expense: Витратив на товари в магазині,Покупки
expense: бензин на заправці,Транспорт
income: Надійшла місячну зарплату,Зарплата
expense: Купив одяг,Покупки
expense: Витратив на обстеження,Здоров'я
expense: Купив навушники AirPods,Покупки
expense: білет на концерт,Розваги
expense: Витратив на оплату за навчання,Освіта
expense: Оплатив обстеження,Здоров'я
expense: Купив відпочинок,Розваги
expense: Купив джинси,Покупки
expense: Купив квиток на автобус,Транспорт
income: місячну зарплату,Зарплата
expense: батарейки,Інше
expense: Оплатив підручник,Освіта
expense: Витратив на кросівки Nike,Покупки
income: оклад,Зарплата
expense: сорочку,Покупки
income: Надійшла оплату за програмування,Фріланс
expense: ліки,Здоров'я
expense: Купив газ,Комунальні
income: оплату від клієнта,Фріланс
income: подарунок від батьків,Подарунок
expense: ноутбук MacBook,Покупки
expense: Витратив на квиток на автобус,Транспорт
income: Надійшла винагороду,Бонус
expense: Витратив на СТО,Транспорт
expense: Оплатив ноутбук MacBook,Покупки
expense: Купив медичні послуги,Здоров'я
expense: Витратив на комунальні послуги,Комунальні
income: Надійшла зарплату за січень,Зарплата
expense: подарунок мамі,Подарунок
expense: продукти в Сільпо,Їжа
expense: Купив одяг в Zara,Покупки
expense: Купив бургер,Їжа
expense: парфуми,Покупки
expense: Купив термометр,Здоров'я
expense: Оплатив майстер-клас,Освіта
expense: сумку,Покупки
expense: Оплатив маску медичну,Здоров'я
expense: Оплатив таксі Bolt,Транспорт
income: бонус,Зарплата
expense: Купив годинник,Покупки
expense: Купив мийку авто,Транспорт
expense: Купив кросівки Adidas,Покупки
expense: Купив продукти в АТБ,Їжа
expense: Купив воду і водовідведення,Комунальні
expense: Купив транспорт,Транспорт
expense: Оплатив ремонт автомобіля,Транспорт
expense: Витратив на таксі Bolt,Транспорт
expense: Купив фільтр для води,Комунальні
expense: Оплатив кросівки Adidas,Покупки
expense: продукти в супермаркеті,Їжа
expense: Оплатив підписку на розваги,Розваги
income: Надійшла разову виплату,Бонус
income: винагороду,Бонус
income: дохід від депозиту,Інвестиції
expense: таблетки від головного болю,Здоров'я
expense: ігри,Розваги
expense: квартплату,Комунальні
expense: Оплатив господарські товари,Інше
expense: кросівки,Покупки
expense: страховку авто,Транспорт
income: Отримав аванс,Зарплата
expense: подарунок колезі,Подарунок
income: кешбек,Інше джерело
expense: джинси,Покупки
expense: поїздку на таксі,Транспорт
expense: Витратив на смартфон,Покупки
expense: білет в кіно,Розваги
income: гроші за проект,Фріланс
expense: хліб і молоко,Їжа
income: Надійшла прибуток від акцій,Інвестиції
expense: Купив онлайн курс,Освіта
income: Отримав оклад,Зарплата
expense: підручники для університету,Освіта
expense: Оплатив абонемент в спортзал,Здоров'я
expense: Витратив на обід в ресторані,Їжа
expense: сувенір,Подарунок
expense: спортивну подію,Розваги
income: Отримав зарплату за місяць,Зарплата
income: гроші від бабусі,Подарунок
expense: квіти,Подарунок
expense: Оплатив подарунок на Новий Рік,Подарунок
expense: Оплатив фрукти,Їжа
income: Отримав премію,Зарплата
expense: проїзний,Транспорт
income: Надійшла дохід від криптовалюти,Інвестиції
expense: Купив бензин на заправці,Транспорт
expense: Витратив на фрукти в супермаркеті,Їжа
expense: Оплатив таксі Uber,Транспорт
expense: Витратив на курс англійської мови,Освіта
expense: Оплатив фільтр для води,Комунальні
income: Надійшла знайшов гроші,Інше джерело
expense: подарунок на день народження,Подарунок
expense: Оплатив бургер,Їжа
expense: таблетки,Здоров'я
expense: Витратив на медикаменти,Здоров'я
expense: непередбачені витрати,Інше
expense: Витратив на планшет iPad,Покупки
expense: Витратив на м'ясо в магазині,Їжа
income: Отримав винагороду,Бонус
expense: Купив підписку на гру,Розваги
expense: підручник,Освіта
expense: Оплатив молоко,Їжа
income: Отримав бонус,Зарплата
expense: Витратив на суші,Їжа
expense: Купив смартфон,Покупки
income: Отримав повернення грошей,Інше джерело
income: Надійшла оплату за додаток,Фріланс
expense: Витратив на книги,Освіта
expense: Купив непередбачені витрати,Інше
expense: Купив курси програмування,Освіта
expense: термометр,Здоров'я
expense: репетитора з математики,Освіта
expense: фільтр для води,Комунальні
expense: виставку,Розваги
expense: Оплатив проїзд в метро,Транспорт
expense: Витратив на навушники AirPods,Покупки
expense: Оплатив підручники для університету,Освіта
expense: Витратив на подарунок колезі,Подарунок
income: Отримав додатковий заробіток,Інше джерело
expense: Купив поїздку на таксі,Транспорт
expense: Оплатив продукти в Сільпо,Їжа
expense: Оплатив електроенергію,Комунальні
income: дивіденди,Інвестиції
expense: Витратив на паркування,Транспорт
expense: м'ясо в магазині,Їжа
income: гроші за iOS розробку,Фріланс
expense: Витратив на електроенергію,Комунальні
expense: Оплатив квартплату,Комунальні
expense: онлайн курс,Освіта
expense: Витратив на техогляд,Транспорт
income: зарплату за січень,Зарплата
expense: овочі,Їжа
income: компенсацію,Бонус
expense: транспорт,Транспорт
expense: книгу художню,Розваги
expense: Витратив на овочі на ринку,Їжа
income: Отримав повернення боргу,Інше джерело
expense: Купив обстеження,Здоров'я
income: Надійшла інший дохід,Інше джерело
expense: таксі,Транспорт
expense: витрати на побут,Інше
expense: Оплатив планшет iPad,Покупки
income: гроші за фріланс,Фріланс
expense: Оплатив PlayStation Plus,Розваги
expense: Оплатив фітнес,Здоров'я
expense: Купив одяг в H&M,Покупки
expense: Оплатив годинник,Покупки
expense: Витратив на гру,Розваги
expense: одяг,Покупки
income: Отримав дохід від депозиту,Інвестиції
income: заробітну плату,Зарплата
income: Надійшла бонус від роботодавця,Зарплата
expense: поїздку,Транспорт
expense: Купив візит до стоматолога,Здоров'я
expense: Витратив на Spotify Premium,Розваги
income: бонус,Бонус
expense: подарунок,Подарунок
expense: книгу,Освіта
expense: Оплатив мийку авто,Транспорт
expense: планшет iPad,Покупки
income: додатковий заробіток,Інше джерело
expense: Оплатив гру,Розваги
expense: Купив інші витрати,Інше
expense: розваги,Розваги
expense: Оплатив продукти в АТБ,Їжа
income: Отримав гонорар,Фріланс
expense: газ,Комунальні
expense: Купив PlayStation Plus,Розваги
expense: Витратив на вітаміни,Здоров'я
expense: Купив куртку,Покупки
income: Надійшла відсотки з депозиту,Інвестиції
income: Надійшла подарунок на Новий Рік,Подарунок
expense: паркування,Транспорт
income: Отримав гроші за проект,Фріланс
expense: їжу в McDonald's,Їжа
expense: взуття,Покупки
income: фріланс,Фріланс
expense: Оплатив телефон Samsung,Покупки
expense: Витратив на курс англійської,Освіта
expense: Витратив на заправку авто,Транспорт
income: виграш,Інше джерело
expense: Купив продукти в Сільпо,Їжа
expense: Купив навчання в університеті,Освіта
income: фріланс,Фріланс
expense: Купив планшет,Покупки
expense: інтернет Київстар,Комунальні
expense: Купив футболку,Покупки
expense: Купив прийом у лікаря,Здоров'я
income: подарунок на свято,Подарунок
expense: Витратив на музей,Розваги
expense: Витратив на проїзд,Транспорт
expense: годинник Apple Watch,Покупки
income: виплату за роботу,Фріланс
expense: Купив ліки,Здоров'я
income: прибуток,Інвестиції
expense: Оплатив телефон,Комунальні
income: Отримав виплату за роботу,Фріланс
income: Надійшла додаткову виплату,Бонус
expense: Витратив на каву в Starbucks,Їжа
expense: Витратив на парк розваг,Розваги
expense: Купив їжу в KFC,Їжа
expense: мийку авто,Транспорт
expense: Купив світло,Комунальні
expense: Оплатив салат,Їжа
expense: Купив светр,Покупки
expense: Витратив на репетитора,Освіта
income: гроші за фріланс,Фріланс
expense: Купив хліб,Їжа
expense: Купив виставку,Розваги
income: Отримав дохід від криптовалюти,Інвестиції
expense: Витратив на бургер,Їжа
expense: Купив парковку,Транспорт
expense: Оплатив театр,Розваги
expense: проїзд,Транспорт
expense: Купив комунальні послуги,Комунальні
income: додаткову виплату,Бонус
expense: Купив техогляд,Транспорт
expense: Купив дрібні витрати,Інше
expense: Купив курс англійської мови,Освіта
expense: Купив кросівки Nike,Покупки
expense: Купив інструменти,Інше
income: гроші за проект,Фріланс
expense: Оплатив сніданок,Їжа
expense: квиток в кіно,Розваги
income: Отримав дивіденди,Інвестиції
expense: Купив Spotify Premium,Розваги
expense: шампунь,Покупки
expense: Оплатив підписку Spotify,Комунальні
expense: їжу в АТБ,Їжа
income: Надійшла кешбек,Інше джерело
expense: Витратив на мийку авто,Транспорт
expense: піцу,Їжа
expense: Оплатив дрібні витрати,Інше
expense: Витратив на підписку на гру,Розваги
expense: Витратив на поїздку на таксі,Транспорт
expense: Купив парфуми,Покупки
expense: Витратив на інтернет,Комунальні
expense: Купив вітаміни,Здоров'я
expense: воду і водовідведення,Комунальні
expense: Оплатив окуляри,Покупки
income: виплату зарплати,Зарплата
expense: Купив розваги,Розваги
expense: Оплатив ігри,Розваги
expense: семінар,Освіта
expense: хліб,Їжа
expense: їжу в кафе,Їжа
expense: Купив сорочку,Покупки
expense: Оплатив гру в Steam,Розваги
expense: Оплатив їжу в АТБ,Їжа
expense: Витратив на спортивну подію,Розваги
income: Надійшла додатковий дохід,Бонус
expense: Оплатив подарунок колезі,Подарунок
expense: Оплатив косметику,Покупки
expense: Оплатив репетитора з математики,Освіта
expense: Оплатив курси,Освіта
income: оплату за розробку,Фріланс
expense: Оплатив інтернет,Комунальні
expense: Витратив на ліки,Здоров'я
expense: Купив годинник Apple Watch,Покупки
expense: Купив подарунок,Подарунок
expense: Витратив на окуляри,Покупки
expense: медикаменти,Здоров'я
expense: Купив СТО,Транспорт
expense: Оплатив транспорт,Транспорт
expense: воду,Комунальні
expense: піцу в Dominos,Їжа
expense: навчання,Освіта
expense: Витратив на підписку на розваги,Розваги
expense: маску медичну,Здоров'я
expense: Оплатив світло,Комунальні
expense: Оплатив підписку на гру,Розваги
expense: Оплатив квиток на автобус,Транспорт
expense: Купив інтернет Vodafone,Комунальні
expense: Витратив на одяг в H&M,Покупки
expense: обід,Їжа
expense: техогляд,Транспорт
income: дохід від криптовалюти,Інвестиції
income: оплату за проект,Фріланс
expense: Оплатив светр,Покупки
expense: Купив різне,Інше
expense: Витратив на піцу в Dominos,Їжа
expense: Оплатив кросівки Nike,Покупки
expense: Витратив на білет на літак,Транспорт
expense: Витратив на їжу в магазині,Їжа
income: повернення боргу,Інше джерело
income: додатковий дохід,Бонус
expense: Оплатив підручники,Освіта
expense: СТО,Транспорт
expense: зошити та ручки,Освіта
expense: Купив квиток на потяг,Транспорт
expense: молоко,Їжа
expense: Оплатив шорти,Покупки
expense: Оплатив їжу в кафе,Їжа
expense: Витратив на виставку,Розваги
income: оплату за проект,Фріланс
expense: Витратив на квиток на концерт,Розваги
expense: комунальні платежі,Комунальні
expense: квиток на потяг,Транспорт
income: оплату за додаток,Фріланс
expense: Витратив на шорти,Покупки
expense: Купив гру в Steam,Розваги
expense: Купив підручник,Освіта
expense: господарські товари,Інше
expense: Оплатив рюкзак,Покупки
income: Надійшла гроші від бабусі,Подарунок
expense: Купив майстер-клас,Освіта
expense: Оплатив товари в магазині,Покупки
income: зарплату,Зарплата
income: грошовий подарунок,Подарунок
expense: Витратив на годинник Apple Watch,Покупки
expense: книги,Освіта
expense: Витратив на шампунь,Покупки
expense: Оплатив каву в Starbucks,Їжа
expense: Купив візит до лікаря,Здоров'я
expense: курс англійської,Освіта
income: додатковий заробіток,Інше джерело
expense: Купив підписку Spotify,Комунальні
income: дивіденди,Інвестиції
expense: фітнес,Здоров'я
expense: бензин,Транспорт
expense: Оплатив телефон,Покупки
income: Надійшла виплату зарплати,Зарплата
income: Отримав компенсацію витрат,Інше джерело
expense: Оплатив воду,Комунальні
expense: Купив букет квітів,Подарунок
expense: Оплатив парк розваг,Розваги
expense: Оплатив їжу в ресторані,Їжа
income: гроші від бабусі,Подарунок
expense: Купив аналізи,Здоров'я
expense: Оплатив виставку,Розваги
income: оплату від клієнта,Фріланс
expense: Купив батарейки,Інше
expense: Витратив на ноутбук,Покупки
expense: Витратив на фітнес,Здоров'я
expense: Витратив на інтернет Київстар,Комунальні
expense: Витратив на Xbox Game Pass,Розваги
income: Отримав зарплатню,Зарплата
income: відсотки з депозиту,Інвестиції
expense: Оплатив квиток на поїзд,Транспорт
expense: Купив підручники для університету,Освіта
expense: Купив суші,Їжа
expense: гру,Розваги
expense: Витратив на вечерю,Їжа
expense: Витратив на сендвіч,Їжа
expense: Витратив на светр,Покупки
expense: Купив квіти,Подарунок
expense: Купив кросівки,Покупки
expense: Витратив на косметику,Покупки
income: Отримав місячну зарплату,Зарплата
expense: Оплатив хліб і молоко,Їжа
expense: сендвіч,Їжа
income: інвестиційний дохід,Інвестиції
expense: Оплатив візит до стоматолога,Здоров'я
income: інвестиційний дохід,Інвестиції
expense: лампочки,Комунальні
expense: Витратив на медичний огляд,Здоров'я
income: Отримав бонус від роботодавця,Бонус
expense: Витратив на сувенір,Подарунок
expense: бургер,Їжа
expense: Витратив на онлайн курс,Освіта
income: Надійшла премію,Зарплата
expense: Купив обід в ресторані,Їжа
income: Надійшла прибуток з інвестицій,Інвестиції
expense: Купив інтернет Київстар,Комунальні
expense: подарунок на Новий Рік,Подарунок
expense: Витратив на продукти в Сільпо,Їжа
expense: Витратив на медичні послуги,Здоров'я
expense: Витратив на продукти в супермаркеті,Їжа
expense: Оплатив їжу на виніс,Їжа
income: подарунок на день народження,Подарунок
income: разову виплату,Бонус
expense: Купив подарунок на день народження,Подарунок
expense: Купив парк розваг,Розваги
expense: гру в Steam,Розваги
income: гроші за iOS розробку,Фріланс
expense: Купив квиток на футбол,Розваги
expense: Купив піцу в Dominos,Їжа
income: гонорар,Фріланс
expense: їжу в KFC,Їжа
expense: вечерю,Їжа
expense: Витратив на одяг в Zara,Покупки
income: прибуток з інвестицій,Інвестиції
expense: Витратив на кросівки Adidas,Покупки
expense: Купив телефон,Комунальні
expense: Витратив на PlayStation Plus,Розваги
income: Отримав фріланс,Фріланс
income: подарунок від друга,Подарунок
expense: Оплатив білет в кіно,Розваги
income: гроші в подарунок,Подарунок
expense: Оплатив обід в ресторані,Їжа
income: Надійшла оплату за розробку,Фріланс
expense: обстеження,Здоров'я
expense: Оплатив книги,Освіта
income: подарунок на свято,Подарунок
income: подарунок від батьків,Подарунок
expense: Купив підписку Netflix,Комунальні
expense: Витратив на майстер-клас,Освіта
expense: Оплатив подарунок,Подарунок
expense: підписку Netflix,Комунальні
expense: Купив театр,Розваги
expense: Купив їжу в кафе,Їжа
income: Отримав оплату за додаток,Фріланс
expense: Витратив на Netflix підписку,Розваги
income: Надійшла аванс,Зарплата
expense: Купив шампунь,Покупки
expense: Витратив на проїзний,Транспорт
expense: продукти в АТБ,Їжа
income: Надійшла підробіток,Бонус
expense: Витратив на продукти в магазині,Їжа
expense: Витратив на стоматолога,Здоров'я
income: дохід від депозиту,Інвестиції
expense: Витратив на навчання,Освіта
expense: Оплатив розваги,Розваги
expense: Купив таблетки,Здоров'я
expense: Оплатив продукти в магазині,Їжа
expense: Купив обід,Їжа
expense: різні покупки,Інше
income: повернення грошей,Інше джерело
expense: Оплатив медичний огляд,Здоров'я
expense: Витратив на воду і водовідведення,Комунальні
expense: Витратив на воду,Комунальні
expense: Купив проїзний,Транспорт
expense: Витратив на квиток на потяг,Транспорт
expense: Купив таблетки від головного болю,Здоров'я
expense: Купив каву,Їжа
expense: Купив фітнес,Здоров'я
income: компенсацію витрат,Інше джерело
expense: Купив конференцію,Освіта
expense: Купив різні покупки,Інше
expense: Оплатив квиток на футбол,Розваги
income: Отримав виплату зарплати,Зарплата
expense: Оплатив воду і водовідведення,Комунальні
expense: Купив опалення,Комунальні
expense: Купив книгу художню,Розваги
expense: Оплатив обід,Їжа
expense: Оплатив каву,Їжа
expense: Оплатив Netflix підписку,Розваги
expense: Оплатив планшет,Покупки
income: Отримав разову виплату,Бонус
expense: Оплатив ліки в аптеці,Здоров'я
expense: Витратив на візит до лікаря,Здоров'я
expense: Netflix підписку,Розваги
income: пасивний дохід,Інвестиції
expense: квиток на футбол,Розваги
expense: Витратив на витрати на побут,Інше
income: гроші в подарунок,Подарунок
expense: Витратив на онлайн курс Udemy,Освіта
expense: Купив медичний огляд,Здоров'я
expense: Оплатив м'ясо в магазині,Їжа
expense: Купив курси,Освіта
expense: підписку на розваги,Розваги
expense: Купив проїзд,Транспорт
expense: Купив шорти,Покупки
expense: Витратив на телефон,Покупки
income: бонус від роботодавця,Бонус
expense: Оплатив сертифікат курсу,Освіта
expense: Купив фрукти в супермаркеті,Їжа
income: Надійшла повернення боргу,Інше джерело
expense: Витратив на сорочку,Покупки
expense: аналізи,Здоров'я
income: підробіток,Бонус
expense: Оплатив квіти,Подарунок
expense: Купив м'ясо в магазині,Їжа
expense: косметику,Покупки
expense: Витратив на комунальні платежі,Комунальні
expense: Оплатив інші витрати,Інше
expense: Купив пластир та бинт,Здоров'я
income: Отримав тимчасову роботу,Бонус
expense: Оплатив пластир та бинт,Здоров'я
income: Надійшла заробітну плату,Зарплата
expense: Витратив на подарунок другу,Подарунок
expense: сертифікат курсу,Освіта
expense: Витратив на молоко,Їжа
income: зарплатню,Зарплата
expense: Витратив на навчання в університеті,Освіта
income: Надійшла прибуток,Інвестиції
expense: Оплатив годинник Apple Watch,Покупки
expense: Витратив на подарунок на свято,Подарунок
expense: Витратив на подарунковий сертифікат,Подарунок
expense: Витратив на конференцію,Освіта
expense: Оплатив музей,Розваги
expense: Купив таксі,Транспорт
expense: Купив репетитора з математики,Освіта
income: прибуток з інвестицій,Інвестиції
expense: Купив ноутбук MacBook,Покупки
income: бонус,Бонус
expense: їжу в магазині,Їжа
expense: Витратив на квиток в кіно,Розваги
expense: товари в магазині,Покупки
expense: Купив спортивну подію,Розваги
expense: Оплатив онлайн курс Udemy,Освіта
income: Надійшла зарплату за місяць,Зарплата
income: Отримав подарунок від друга,Подарунок
expense: фрукти,Їжа
expense: Купив музей,Розваги
expense: Оплатив курс англійської мови,Освіта
expense: Купив сувенір,Подарунок
expense: Витратив на інструменти,Інше
expense: футболку,Покупки
income: Надійшла компенсацію,Бонус
expense: Купив подарунковий сертифікат,Подарунок
expense: Витратив на одяг,Покупки
expense: Витратив на ліки в аптеці,Здоров'я
expense: Витратив на подарунок тату,Подарунок
expense: Витратив на розваги,Розваги
expense: Витратив на парфуми,Покупки
expense: Оплатив парфуми,Покупки
expense: парковку,Транспорт
expense: Оплатив газ,Комунальні
expense: Купив витрати на побут,Інше
expense: Витратив на їжу в McDonald's,Їжа
expense: Витратив на хліб,Їжа
expense: Оплатив аналізи в лабораторії,Здоров'я
expense: Витратив на дрібниці,Інше
expense: Оплатив Xbox Game Pass,Розваги
income: знайшов гроші,Інше джерело
expense: Витратив на відпочинок,Розваги
expense: Витратив на сертифікат курсу,Освіта
expense: подарунок на свято,Подарунок
expense: Купив оплату за навчання,Освіта
expense: візит до лікаря,Здоров'я
expense: продукти в магазині,Їжа
expense: Купив подарунок колезі,Подарунок
income: Отримав оплату від клієнта,Фріланс
expense: сніданок,Їжа
expense: Купив книгу,Освіта
expense: Оплатив комунальні платежі,Комунальні
expense: таксі Bolt,Транспорт
income: Надійшла бонус від роботодавця,Бонус
income: тимчасову роботу,Бонус
expense: Витратив на бензин,Транспорт
income: разову виплату,Бонус
expense: Купив навчання,Освіта
income: дохід від криптовалюти,Інвестиції
income: Отримав бонус від роботодавця,Зарплата
expense: медичний огляд,Здоров'я
expense: Витратив на курси,Освіта
expense: Оплатив оплату за навчання,Освіта
expense: консультацію лікаря,Здоров'я
income: Отримав підробіток,Бонус
expense: Купив маску медичну,Здоров'я
expense: Витратив на продукти в АТБ,Їжа
expense: Оплатив сумку,Покупки
expense: медичні послуги,Здоров'я
expense: Купив стоматолога,Здоров'я
income: Отримав виграш,Інше джерело
expense: Оплатив овочі на ринку,Їжа
expense: Витратив на їжу на виніс,Їжа
expense: Оплатив одяг,Покупки
expense: каву в Starbucks,Їжа
income: Надійшла оплату за проект,Фріланс
expense: Купив зошити та ручки,Освіта
expense: Витратив на поїздку,Транспорт
expense: Купив проїзд в метро,Транспорт
expense: Витратив на їжу в кафе,Їжа
expense: Купив електроенергію,Комунальні
expense: Витратив на квартплату,Комунальні
income: Надійшла додатковий заробіток,Інше джерело
expense: конференцію,Освіта
expense: Витратив на дрібні витрати,Інше
expense: светр,Покупки
expense: Витратив на підручники,Освіта
income: аванс,Зарплата
expense: салат,Їжа
expense: Оплатив страховку авто,Транспорт
income: Надійшла зарплатню,Зарплата
expense: Купив воду,Комунальні
income: Отримав інвестиційний дохід,Інвестиції
expense: курс англійської мови,Освіта
expense: Оплатив СТО,Транспорт
expense: Витратив на їжу в ресторані,Їжа
expense: музей,Розваги
expense: Купив ремонт автомобіля,Транспорт
expense: Купив джинси Levi's,Покупки
expense: Витратив на проїзд в метро,Транспорт
expense: Оплатив медичні послуги,Здоров'я
expense: Оплатив одяг в H&M,Покупки
expense: Оплатив бензин на заправці,Транспорт
expense: Витратив на непередбачені витрати,Інше
income: Надійшла пасивний дохід,Інвестиції
expense: Витратив на аналізи в лабораторії,Здоров'я
expense: Витратив на абонемент в спортзал,Здоров'я
expense: опалення,Комунальні
expense: Купив окуляри,Покупки
expense: їжу в ресторані,Їжа
income: оклад,Зарплата
expense: Витратив на їжу в KFC,Їжа
expense: Оплатив подарунок на свято,Подарунок
income: Надійшла фріланс,Фріланс
expense: Витратив на семінар,Освіта
expense: Оплатив куртку,Покупки
expense: Оплатив непередбачені витрати,Інше
income: виплату за роботу,Фріланс
expense: Витратив на інтернет Vodafone,Комунальні
expense: одяг в H&M,Покупки
expense: Оплатив підписку Netflix,Комунальні
expense: Оплатив консультацію лікаря,Здоров'я
income: Надійшла бонус,Зарплата
expense: Витратив на книгу,Освіта
expense: Витратив на подарунок мамі,Подарунок
income: Надійшла гроші за фріланс,Фріланс
income: оплату за додаток,Фріланс
income: Отримав оплату за розробку,Фріланс
income: Надійшла дохід від депозиту,Інвестиції
income: компенсацію,Бонус
expense: Купив сніданок,Їжа
expense: Оплатив репетитора,Освіта
income: прибуток від акцій,Інвестиції
expense: Оплатив овочі,Їжа
expense: підписку Spotify,Комунальні
expense: Витратив на подарунок на день народження,Подарунок
income: зарплату за січень,Зарплата
expense: Купив їжу в АТБ,Їжа
expense: Купив господарські товари,Інше
income: повернення грошей,Інше джерело
expense: Витратив на планшет,Покупки
expense: Купив каву в Starbucks,Їжа
expense: Оплатив сендвіч,Їжа
expense: Купив м'ясо,Їжа
expense: Оплатив хліб,Їжа
expense: навчання в університеті,Освіта
income: оплату за програмування,Фріланс
expense: Купив медикаменти,Здоров'я
expense: Купив білет на літак,Транспорт
income: Надійшла подарунок на свято,Подарунок
income: зарплатню,Зарплата
income: Отримав подарунок на день народження,Подарунок
expense: Купив телефон Samsung,Покупки
expense: телефон,Покупки
income: Отримав гроші за iOS розробку,Фріланс
expense: вітаміни,Здоров'я
expense: Витратив на зошити та ручки,Освіта
expense: Витратив на батарейки,Інше
expense: Витратив на аналізи,Здоров'я
expense: Витратив на піцу,Їжа
expense: Оплатив паркування,Транспорт
expense: Витратив на ноутбук MacBook,Покупки
expense: Купив взуття,Покупки
income: бонус,Зарплата
expense: Оплатив проїзний,Транспорт
expense: Купив хліб і молоко,Їжа
expense: Витратив на телефон Samsung,Покупки
expense: Купив їжу на виніс,Їжа
expense: Купив продукти в магазині,Їжа
expense: Оплатив речі,Покупки
expense: Витратив на таблетки від головного болю,Здоров'я
expense: Оплатив проїзд,Транспорт
income: знайшов гроші,Інше джерело
expense: Витратив на футболку,Покупки
income: Отримав додатковий дохід,Бонус
expense: Купив ліки в аптеці,Здоров'я
expense: Оплатив прийом у лікаря,Здоров'я
expense: обід в ресторані,Їжа
expense: Витратив на куртку,Покупки
expense: Витратив на букет квітів,Подарунок
expense: Купив ноутбук,Покупки
expense: Купив гру,Розваги
expense: Витратив на господарські товари,Інше
expense: навушники AirPods,Покупки
expense: Витратив на пластир та бинт,Здоров'я
expense: Купив сендвіч,Їжа
expense: Купив таксі Bolt,Транспорт
income: оплату за розробку,Фріланс
expense: навушники,Покупки
expense: Оплатив квиток на потяг,Транспорт
expense: Витратив на таксі,Транспорт
income: Надійшла грошовий подарунок,Подарунок
expense: Витратив на взуття,Покупки
expense: Оплатив таблетки від головного болю,Здоров'я
expense: репетитора,Освіта
income: Отримав гроші за фріланс,Фріланс
expense: Купив підручники,Освіта
expense: суші,Їжа
income: винагороду,Бонус
expense: квиток на концерт,Розваги
expense: Оплатив книгу,Освіта
expense: Витратив на навушники,Покупки
expense: Оплатив онлайн курс,Освіта
expense: Витратив на підписку Netflix,Комунальні
expense: телефон,Комунальні
expense: Купив овочі на ринку,Їжа
income: Надійшла інвестиційний дохід,Інвестиції
expense: Оплатив ліки,Здоров'я
income: Надійшла бонус,Бонус
income: відсотки з депозиту,Інвестиції
expense: кросівки Nike,Покупки
income: Отримав інший дохід,Інше джерело
expense: Витратив на підручник,Освіта
expense: Купив косметику,Покупки
income: зарплату за місяць,Зарплата
income: Надійшла подарунок від друга,Подарунок
expense: Купив страховку авто,Транспорт
expense: Витратив на навчальні матеріали,Освіта
expense: рюкзак,Покупки
expense: Купив піцу,Їжа
expense: Купив телефон,Покупки
expense: Витратив на ігри,Розваги
expense: Купив продукти в Novus,Їжа
expense: Витратив на термометр,Здоров'я
expense: одяг в Zara,Покупки
expense: Купив консультацію лікаря,Здоров'я
expense: комунальні послуги,Комунальні
expense: Оплатив подарунок тату,Подарунок
expense: Витратив на квиток на футбол,Розваги
expense: Витратив на джинси,Покупки
expense: Витратив на інші витрати,Інше
expense: Витратив на транспорт,Транспорт
expense: Купив аналізи в лабораторії,Здоров'я
income: оплату за програмування,Фріланс
expense: Купив навчальні матеріали,Освіта
income: подарунок на Новий Рік,Подарунок
income: Отримав прибуток з інвестицій,Інвестиції
income: Надійшла подарунок від батьків,Подарунок
income: Отримав прибуток,Інвестиції
expense: Оплатив футболку,Покупки
expense: Оплатив їжу в McDonald's,Їжа
income: Отримав відсотки з депозиту,Інвестиції
expense: Купив курс англійської,Освіта
expense: Витратив на овочі,Їжа
income: Отримав пасивний дохід,Інвестиції
expense: Оплатив навушники,Покупки
expense: Оплатив семінар,Освіта
income: інший дохід,Інше джерело
income: Надійшла дивіденди,Інвестиції
income: місячну зарплату,Зарплата
expense: Оплатив стоматолога,Здоров'я
expense: Купив білет на концерт,Розваги
expense: Купив бензин,Транспорт
income: Отримав подарунок від батьків,Подарунок
expense: Купив вечерю,Їжа
expense: Оплатив вітаміни,Здоров'я
expense: Витратив на маску медичну,Здоров'я
expense: Оплатив букет квітів,Подарунок
income: Отримав додаткову виплату,Бонус
expense: Купив планшет iPad,Покупки
income: Отримав зарплату,Зарплата
expense: Купив квиток на поїзд,Транспорт
expense: ремонт автомобіля,Транспорт
expense: Витратив на телефон,Комунальні
expense: Витратив на газ,Комунальні
expense: Оплатив інтернет Vodafone,Комунальні
expense: оплату за навчання,Освіта
expense: Оплатив подарунковий сертифікат,Подарунок
expense: Оплатив аналізи,Здоров'я
expense: інструменти,Інше
expense: Витратив на прийом у лікаря,Здоров'я
expense: Оплатив різні покупки,Інше
expense: мобільний зв'язок,Комунальні
expense: Витратив на подарунок на Новий Рік,Подарунок
expense: онлайн курс Udemy,Освіта
expense: Витратив на речі,Покупки
income: Отримав зарплату за січень,Зарплата
expense: Оплатив конференцію,Освіта
expense: Оплатив комунальні послуги,Комунальні
expense: Оплатив подарунок другу,Подарунок
expense: дрібниці,Інше
expense: Оплатив різне,Інше
income: премію,Зарплата
expense: Оплатив подарунок на день народження,Подарунок
income: бонус від роботодавця,Зарплата
expense: Оплатив опалення,Комунальні
expense: Витратив на їжу в АТБ,Їжа
expense: подарунок другу,Подарунок
income: прибуток,Інвестиції
expense: Купив комунальні платежі,Комунальні
expense: Витратив на візит до стоматолога,Здоров'я
expense: Оплатив батарейки,Інше
income: Отримав компенсацію,Бонус
expense: м'ясо,Їжа
expense: світло,Комунальні
expense: Оплатив піцу в Dominos,Їжа
expense: Купив фрукти,Їжа
expense: Купив Xbox Game Pass,Розваги
expense: Витратив на різне,Інше
expense: PlayStation Plus,Розваги
expense: Оплатив їжу в KFC,Їжа
expense: Оплатив дрібниці,Інше
expense: Оплатив спортивну подію,Розваги
expense: аналізи в лабораторії,Здоров'я
income: аванс,Зарплата
income: Надійшла оклад,Зарплата
income: подарунок на день народження,Подарунок
expense: Купив їжу в McDonald's,Їжа
expense: візит до стоматолога,Здоров'я
expense: Витратив на підписку Spotify,Комунальні
expense: Купив сумку,Покупки
expense: навчальні матеріали,Освіта
expense: Купив Netflix підписку,Розваги
expense: Spotify Premium,Розваги
expense: Витратив на доставку їжі,Їжа
expense: Оплатив сувенір,Подарунок
expense: Витратив на квіти,Подарунок
expense: Оплатив подарунок мамі,Подарунок
income: виплату зарплати,Зарплата
expense: Оплатив суші,Їжа
expense: Оплатив їжу в магазині,Їжа
expense: Оплатив шампунь,Покупки
expense: інтернет,Комунальні
income: премію,Зарплата
expense: Витратив на курси програмування,Освіта
income: прибуток від акцій,Інвестиції
expense: стоматолога,Здоров'я
expense: заправку авто,Транспорт
income: виграш,Інше джерело
expense: Витратив на фрукти,Їжа
expense: Купив рюкзак,Покупки
income: Отримав заробітну плату,Зарплата
expense: Оплатив навушники AirPods,Покупки
expense: шорти,Покупки
expense: Купив паркування,Транспорт
income: Надійшла повернення грошей,Інше джерело
expense: окуляри,Покупки
expense: Витратив на театр,Розваги
expense: Купив подарунок мамі,Подарунок
expense: Xbox Game Pass,Розваги
expense: Оплатив курс англійської,Освіта
expense: Витратив на квиток на поїзд,Транспорт
income: бонус від роботодавця,Бонус
income: Надійшла виграш,Інше джерело
expense: Оплатив сорочку,Покупки
expense: речі,Покупки
expense: куртку,Покупки
expense: Купив салат,Їжа
expense: подарунковий сертифікат,Подарунок
expense: Купив їжу в магазині,Їжа
expense: смартфон,Покупки
income: додаткову виплату,Бонус
expense: Витратив на хліб і молоко,Їжа
expense: інтернет Vodafone,Комунальні
expense: Оплатив джинси,Покупки
expense: Витратив на салат,Їжа
expense: Витратив на мобільний зв'язок,Комунальні
expense: майстер-клас,Освіта
income: Надійшла подарунок на день народження,Подарунок
expense: Витратив на репетитора з математики,Освіта
expense: підручники,Освіта
expense: Купив товари в магазині,Покупки
income: пасивний дохід,Інвестиції
expense: Оплатив поїздку,Транспорт
expense: Купив молоко,Їжа
expense: абонемент в спортзал,Здоров'я
expense: Купив подарунок тату,Подарунок
expense: квиток на поїзд,Транспорт
income: Надійшла зарплату,Зарплата
expense: Оплатив Spotify Premium,Розваги
expense: Оплатив навчання,Освіта
income: замовлення,Фріланс
income: Надійшла гроші в подарунок,Подарунок
expense: Оплатив парковку,Транспорт
expense: білет на літак,Транспорт
income: Надійшла виплату за роботу,Фріланс
expense: Витратив на м'ясо,Їжа
expense: Витратив на фільтр для води,Комунальні
expense: Оплатив джинси Levi's,Покупки
expense: Оплатив смартфон,Покупки
income: тимчасову роботу,Бонус
expense: їжу на виніс,Їжа
expense: Витратив на білет на концерт,Розваги
income: Отримав гроші в подарунок,Подарунок
expense: Витратив на опалення,Комунальні
expense: Оплатив таблетки,Здоров'я
income: грошовий подарунок,Подарунок
expense: Купив дрібниці,Інше
expense: різне,Інше
income: гонорар,Фріланс
expense: Витратив на годинник,Покупки
expense: Оплатив таксі,Транспорт
expense: Оплатив лампочки,Комунальні
expense: Витратив на лампочки,Комунальні
expense: Оплатив взуття,Покупки
expense: Оплатив витрати на побут,Інше
expense: Оплатив курси програмування,Освіта
expense: Купив овочі,Їжа
expense: годинник,Покупки
expense: Оплатив термометр,Здоров'я
expense: Купив інтернет,Комунальні
expense: Витратив на книгу художню,Розваги
expense: Купив подарунок на Новий Рік,Подарунок
expense: Оплатив книгу художню,Розваги
income: підробіток,Бонус
expense: Оплатив білет на концерт,Розваги
expense: Витратив на ремонт автомобіля,Транспорт
income: Надійшла гроші за проект,Фріланс
income: Отримав бонус,Бонус
expense: Купив онлайн курс Udemy,Освіта
income: Отримав подарунок на свято,Подарунок
expense: квиток на автобус,Транспорт
expense: Витратив на продукти в Novus,Їжа
expense: пластир та бинт,Здоров'я
income: бонус від роботодавця,Зарплата
expense: Оплатив навчальні матеріали,Освіта
expense: Оплатив продукти в Novus,Їжа
expense: Купив мобільний зв'язок,Комунальні
expense: Оплатив навчання в університеті,Освіта
expense: Купив їжу в ресторані,Їжа
expense: Оплатив доставку їжі,Їжа
income: замовлення,Фріланс
expense: Оплатив інструменти,Інше
expense: курси програмування,Освіта
expense: підписку на гру,Розваги
expense: прийом у лікаря,Здоров'я
expense: каву,Їжа
income: Надійшла оплату від клієнта,Фріланс
expense: Оплатив відпочинок,Розваги
expense: Купив абонемент в спортзал,Здоров'я
expense: ноутбук,Покупки
income: Отримав прибуток від акцій,Інвестиції
expense: Витратив на гру в Steam,Розваги
expense: Витратив на консультацію лікаря,Здоров'я
income: Отримав знайшов гроші,Інше джерело
expense: Купив квиток на концерт,Розваги
income: подарунок на Новий Рік,Подарунок
expense: Оплатив мобільний зв'язок,Комунальні
expense: Оплатив кросівки,Покупки
expense: Оплатив техогляд,Транспорт
income: компенсацію витрат,Інше джерело
expense: Купив підписку на розваги,Розваги
income: Отримав гроші від бабусі,Подарунок
expense: Витратив на страховку авто,Транспорт
expense: Витратив на різні покупки,Інше
expense: Купив книги,Освіта
expense: Купив репетитора,Освіта
expense: доставку їжі,Їжа
expense: Витратив на сумку,Покупки
expense: курси,Освіта
expense: Купив речі,Покупки
expense: Витратив на бензин на заправці,Транспорт
income: кешбек,Інше джерело
expense: продукти в Novus,Їжа
expense: Піца,Їжа
expense: Піца Dominos,Їжа
expense: Піца на виніс,Їжа
expense: Стоматолог,Здоров'я
expense: Прийом у лікаря,Здоров'я
expense: Візит до лікаря,Здоров'я
expense: Лікар терапевт,Здоров'я
expense: Світло за квартиру,Комунальні
expense: Оплата світла,Комунальні
expense: Електроенергія,Комунальні
expense: Книга для навчання,Освіта
expense: Навчальна книга,Освіта
expense: Книги для університету,Освіта
expense: Університет оплата,Освіта
expense: Навчання в університеті,Освіта
expense: Бензин для авто,Транспорт
expense: Заправка бензином,Транспорт
expense: Заправка,Транспорт
expense: Метро проїзд,Транспорт
expense: Поїздка в метро,Транспорт
expense: Проїзний метро,Транспорт
expense: Білет в кіно,Розваги
expense: Білет на фільм,Розваги
expense: Кіно Avatar,Розваги
income: Дивіденди від акцій,Інвестиції
income: Прибуток з інвестицій,Інвестиції
income: Інвестиційний дохід,Інвестиції
income: Грошовий подарунок,Подарунок
income: Подарунок гроші,Подарунок
income: Гроші в подарунок,Подарунок
income: Подарунок на день народження,Подарунок
income: Бонус від компанії,Бонус
income: Бонус на роботі,Бонус
income: Додатковий бонус,Бонус
